timestamp,bid1,ask1,bid_vol1,ask_vol1,mid_price,target
0,100.24835707650561,101.199677718293,18,13,100.72401739739931,1
1,100.17922492592002,101.66199455974939,19,14,100.9206097428347,1
2,100.50306919497037,101.69180974470947,10,9,101.09743946983991,1
3,101.26458412317439,101.36834135585669,15,19,101.31646273951554,1
4,101.14750743581271,101.71745301266348,7,15,101.4324802242381,1
5,101.03043895733812,101.91419570537435,12,10,101.47231733135624,1
6,101.82004536509181,102.36179231538821,7,7,102.09091884024002,1
7,102.20376272966827,102.67937821622921,18,9,102.44157047294874,1
8,101.9690255367008,103.20415457388887,16,15,102.58659005529483,1
9,102.24030555849379,102.93653696810858,17,12,102.58842126330119,1
10,102.00859671208755,103.59523400092576,17,10,102.80191535650665,0
11,101.77573183530242,103.69403380327195,6,8,102.73488281928718,1
12,101.89671297108544,104.73166423958459,17,6,103.314188605335,0
13,100.94007284875654,104.3870703305398,17,18,102.66357158964817,1
14,100.07761393250003,105.25505223212242,7,13,102.66633308231123,0
15,99.79647016787953,105.35400762385375,15,17,102.57523889586665,0
16,99.29005460771232,105.02829862204652,10,16,102.15917661487941,0
17,99.44717827400996,104.78635570501936,6,5,102.11676698951466,0
18,98.99316623624935,104.62618205092221,12,5,101.80967414358578,0
19,98.28701438558171,104.83826502412316,5,17,101.56263970485244,1
20,99.01983877004248,105.09968276814091,11,8,102.0597607690917,0
21,98.90695061979922,104.81283276617162,6,11,101.85989169298543,1
22,98.94071472214318,104.80065547004114,14,5,101.87068509609216,1
23,98.22834062903645,105.87179064934706,16,13,102.05006563919176,1
24,97.95614926677386,106.73556223439742,10,8,102.34585575058564,1
25,98.0116105616288,106.95372406923444,16,7,102.48266731543163,0
26,97.43611377291765,106.97272580831853,6,5,102.20441979061809,1
27,97.62396278209047,107.03274147167767,6,14,102.32835212688407,1
28,97.32364343713108,107.33950045804288,14,8,102.33157194758698,0
29,97.17779656223443,106.82810417544367,17,13,102.00295036883905,0
30,96.87694325611974,106.699415906732,12,17,101.78817958142588,1
31,97.8030823483742,105.86512386979321,19,18,101.83410310908371,1
32,97.79633373600524,106.06473543109584,19,14,101.93053458355054,0
33,97.2674782715273,106.38833340094722,16,10,101.82790583623725,1
34,97.67875072757889,106.14674016979752,6,10,101.91274544868821,1
35,97.06832890259338,106.93373355144254,11,5,102.00103122701796,0
36,97.17276070009575,106.32085071994138,7,14,101.74680571001856,0
37,96.19292563815587,105.58866327983647,12,6,100.89079445899617,0
38,95.52883261370665,105.70088918911645,11,15,100.61486090141156,1
39,95.62726323164121,106.22443834042252,18,10,100.92585078603187,1
40,95.99649652163892,107.06640218615146,12,6,101.5314493538952,0
41,96.08218066223391,106.836960054717,18,7,101.45957035847545,1
42,96.02435652103978,107.37630047143264,11,8,101.70032849623621,0
43,95.87380467324513,107.35704623668228,15,15,101.61542545496371,0
44,95.13454367806142,107.27073258671187,10,9,101.20263813238665,1
45,94.77462157386407,107.71256255545521,17,19,101.24359206465964,1
46,94.54430218838418,108.03872399466192,11,13,101.29151309152306,0
47,95.07286330149364,107.2505279161698,9,16,101.16169560883172,1
48,95.24467244627786,107.98879809103275,11,19,101.6167352686553,0
49,94.3631523685965,108.67884376810647,5,19,101.52099806835149,0
50,94.5251943532939,108.3660624173517,5,8,101.4456283853228,1
51,94.33265321308573,108.56396418407041,13,17,101.44830869857807,0
52,93.99419221293276,108.81097927721177,18,15,101.40258574507226,1
53,94.3000303573532,108.94131616012373,9,13,101.62067325873846,1
54,94.81553011860117,108.66616358320103,17,15,101.74084685090111,1
55,95.28117017815927,108.330351899232,9,14,101.80576103869564,0
56,94.86156141654794,108.31757486373627,7,7,101.5895681401421,1
57,94.70695522862233,108.90393937336596,9,12,101.80544730099415,1
58,94.87258694432413,109.17573945066317,7,16,102.02416319749365,1
59,95.3603595078853,108.99043228462011,13,5,102.17539589625271,1
60,95.12077238896265,109.3762816399443,13,15,102.24852701445347,0
61,95.02794290063075,107.95201032962925,10,13,101.48997661512999,1
62,94.47477541362774,108.5263931798153,19,13,101.50058429672151,0
63,93.8766721015874,107.65653629042626,5,14,100.76660419600682,1
64,94.28293501278449,107.47531581972468,11,6,100.8791254162546,1
65,94.9610550270699,106.91548087241162,11,8,100.93826794974076,0
66,94.92504996627974,106.26814013455116,18,17,100.59659505041546,1
67,95.42681641522576,106.84855352824043,14,12,101.1376849717331,0
68,95.60763442774957,106.61470292758447,14,11,101.11116867766702,0
69,95.285074550447,106.78795486844983,8,5,101.03651470944843,1
70,95.46577235320122,106.76449457901025,12,9,101.11513346610573,1
71,96.2347906364342,107.0030149926218,10,11,101.618902814528,1
72,96.21687761687923,107.04142593815193,8,19,101.62915177751557,1
73,96.99919944478623,106.39992982605764,8,8,101.69956463542194,0
74,95.68932689274135,106.89806323578122,6,19,101.29369506426129,1
75,96.10027814492896,106.65118494420057,18,19,101.37573154456476,0
76,96.14380167904805,105.87289399487068,6,5,101.00834783695936,0
77,95.99429800381512,105.65883641438774,16,13,100.82656720910143,1
78,96.04017839208286,106.40921630970489,18,18,101.22469735089388,0
79,95.04639393478243,106.83432718076163,8,9,100.94036055777204,0
80,94.93655799086366,106.6600011135577,9,15,100.79827955221069,1
81,95.11511427661954,106.48537226139848,12,6,100.800243269009,1
82,95.8540612989903,106.32455473578979,19,12,101.08930801739004,1
83,95.59492618985348,107.36292872757022,10,15,101.47892745871185,0
84,95.19067938840688,107.553896453686,18,17,101.37228792104644,0
85,94.93980086661462,107.76891727728153,19,6,101.35435907194807,1
86,95.39750192546565,108.28405900429745,8,7,101.84078046488155,1
87,95.5618774802955,108.4034535838107,17,18,101.98266553205309,0
88,95.29699737841197,108.27393251090035,15,14,101.78546494465616,1
89,95.55363109496865,108.17575758635786,11,5,101.86469434066325,1
90,95.60216986964267,108.13995695665083,12,15,101.87106341314674,1
91,96.08649236490912,108.12134583839591,6,6,102.10391910165251,1
92,95.73546581797044,108.48516061021441,16,18,102.11031321409243,0
93,95.57163474467156,108.51113355311806,11,11,102.0413841488948,1
94,95.37558066810547,108.87745359172584,19,14,102.12651712991565,0
95,94.64382319403941,108.83709530167155,18,6,101.74045924785548,1
96,94.7918833325717,108.87641289682959,6,10,101.83414811470064,0
97,94.92241096866165,107.87731255456355,6,19,101.3998617616126,1
98,94.92496769698288,108.33547639191478,12,7,101.63022204444883,1
99,94.80767413029531,108.50872062986377,6,8,101.65819738007954,0
100,94.0999887592701,109.0077256847936,19,15,101.55385722203185,0
101,93.88966609788741,107.55959799569676,15,19,100.7246320467921,1
102,93.71830883962403,108.60378534808713,13,17,101.16104709385559,0
103,93.31717020501323,108.53399053400953,16,12,100.92558036951138,1
104,93.23652734918022,109.0880819423783,5,18,101.16230464577926,0
105,93.43855277758749,108.56812897881554,19,7,101.00334087820151,1
106,94.38164572819275,108.87451593134682,13,14,101.62808082976979,0
107,94.46893463460867,108.34780814975998,19,10,101.40837139218434,0
108,94.59770982997006,108.03592366941209,5,5,101.31681674969107,1
109,94.56048687208697,108.99293934634548,14,11,101.77671310921622,0
110,93.60110126443745,108.8975981459638,17,12,101.24934970520061,1
111,93.58784432671284,109.00631458255367,14,15,101.29707945463326,1
112,93.61795943168336,109.44134844789804,6,18,101.5296539397907,1
113,94.849580487926,109.68918939188434,10,12,102.26938493990517,0
114,94.75340000553544,109.76439884445614,10,7,102.25889942499579,1
115,94.90417367670224,109.94687934568924,5,18,102.42552651119574,1
116,94.88681779184962,111.14858713830839,11,14,103.017702465079,0
117,94.30247877303985,111.11977773979159,12,5,102.71112825641572,1
118,94.87389018029737,111.22032726314907,6,13,103.04710872172322,1
119,95.24985669664075,111.74565446115288,12,17,103.49775557889681,1
120,95.64537267016227,112.29841742763188,13,10,103.97189504889707,1
121,95.1906789427649,112.89193258041206,10,15,104.04130576158849,1
122,95.89207609823296,113.21129769142665,9,13,104.5516868948298,0
123,95.19115056683681,112.63979523506141,16,11,103.91547290094911,1
124,95.48457911373696,113.45651100121196,13,5,104.47054505747445,1
125,96.57980692664194,112.88333830470262,17,16,104.73157261567228,0
126,96.0845387640766,113.03465603732214,16,16,104.55959740069937,0
127,95.80138989927521,112.65751811231246,15,5,104.22945400579383,1
128,95.85121558181903,112.62544893901595,13,10,104.2383322604175,0
129,95.59947775476093,112.7898301441677,5,9,104.19465394946431,0
130,94.82414603922787,112.95050875189284,15,13,103.88732739556036,1
131,94.85842752663088,113.16146912901047,7,6,104.00994832782067,1
132,94.32727566976783,113.9683247635398,13,12,104.14780021665382,1
133,94.56407188508541,114.1950919142968,15,15,104.3795818996911,0
134,94.10435976796852,114.07301359665146,6,9,104.08868668231,1
135,94.87932697047728,114.55505718079564,16,6,104.71719207563646,1
136,94.48770032430917,115.14979242525797,8,17,104.81874637478357,0
137,94.32666956620633,114.53598851768947,8,14,104.4313290419479,1
138,94.73342817489116,114.8346885526144,6,15,104.78405836375278,0
139,94.11799601667418,115.18527492376985,19,15,104.65163547022202,0
140,94.23172598397625,115.03649317208985,7,16,104.63410957803305,1
141,94.88529736111747,115.72434657874567,17,10,105.30482196993157,0
142,94.08155574383684,115.6493187852294,7,14,104.86543726453311,1
143,94.173872673103,115.71210701196517,5,12,104.94298984253409,1
144,94.30381407022722,115.62557109982323,10,8,104.96469258502523,1
145,94.69472550611587,115.63336062361397,12,6,105.16404306486493,0
146,94.07625015067683,115.08522308016637,16,16,104.5807366154216,0
147,93.41602184413469,114.36519763886922,7,15,103.89060974150195,1
148,93.67699262694313,115.1624501704817,9,9,104.41972139871243,0
149,93.82548496355973,114.73896949632254,5,19,104.28222722994113,0
150,93.95073138873268,114.24327332159439,14,16,104.09700235516354,0
151,94.12395549348116,113.16657826479253,11,6,103.64526687913684,0
152,93.78394313269192,112.84709739094778,14,6,103.31552026181984,0
153,93.90006998127241,112.18555249424404,17,19,103.04281123775823,1
154,94.04660621792175,113.00656007431222,5,10,103.52658314611699,1
155,93.68943050890857,113.51146861898354,16,15,103.60044956394606,1
156,94.62231776448095,113.16739344639467,15,14,103.89485560543781,1
157,94.85923422493684,114.29361134906682,13,13,104.57642278700183,0
158,94.26358247633551,114.78449409256262,12,17,104.52403828444906,1
159,94.59185928065243,114.6220784008083,11,8,104.60696884073036,0
160,94.10451844553877,113.37237554337153,14,10,103.73844699445516,1
161,94.49806074741,114.5178468296669,19,11,104.50795378853844,0
162,95.0773585369137,113.8230605962851,11,17,104.4502095665994,0
163,94.66701737773785,113.00036122280665,9,15,103.83368930027225,1
164,95.14870544236001,113.51164643881147,9,10,104.33017594058575,1
165,95.35509590582825,114.73152264198112,15,12,105.04330927390468,1
166,95.7661259858255,115.42365905123637,17,8,105.59489251853094,1
167,96.71452247715247,115.70561361126255,9,16,106.2100680442075,1
168,96.59182841915104,116.0029907820952,5,19,106.29740960062313,1
169,96.2149603369723,116.42969856148534,12,5,106.32232944922882,0
170,95.77020312215953,116.80916285637872,16,11,106.28968298926912,0
171,95.36229797967681,116.94975856836342,15,7,106.15602827402012,1
172,95.32374712496976,117.00185912033935,5,18,106.16280312265455,1
173,95.49432311237808,116.97056255638958,8,10,106.23244283438383,0
174,95.6326685120431,116.59358026195625,19,6,106.11312438699967,1
175,96.0462601365611,116.45324272352286,13,13,106.24975143004198,0
176,96.05276108250006,115.60676431642517,18,5,105.8297626994626,1
177,96.77952812107871,115.55759450302779,13,10,106.16856131205324,0
178,96.64719970445974,115.06329894945233,9,10,105.85524932695603,1
179,98.00728428775454,114.51150429084444,8,9,106.2593942892995,1
180,98.32011796163705,114.60145136642119,7,17,106.46078466402912,1
181,97.8915391834289,115.29745250959348,7,9,106.5944958465112,0
182,97.35609293439835,115.75661081259464,16,5,106.5563518734965,0
183,97.59732914201994,114.97136051078306,9,14,106.28434482640151,0
184,97.48559774935703,114.47654644249789,14,16,105.98107209592746,1
185,97.84259799640307,114.946932036492,5,9,106.39476501644754,0
186,98.07921680868984,114.45568833972284,9,6,106.26745257420635,0
187,98.0428023523614,114.34337176472432,10,11,106.19308705854286,0
188,97.6194054933272,114.6183978142366,11,7,106.1189016537819,0
189,96.86198188098427,114.13422558680479,16,17,105.49810373389454,0
190,96.63872440495075,114.18691333987776,13,19,105.41281887241425,0
191,97.0669238021125,113.51990059241867,7,8,105.29341219726558,0
192,97.1739706741776,113.21921677044305,19,7,105.19659372231033,0
193,96.5511012848216,113.37910773751432,6,7,104.96510451116797,0
194,96.6376917477472,112.58261087074848,18,8,104.61015130924784,1
195,96.83035043761161,112.80284823972869,7,9,104.81659933867016,0
196,96.38842171951104,112.79302934026535,16,5,104.5907255298882,1
197,96.46528427248381,113.06927431747393,13,8,104.76727929497886,1
198,96.49438863170681,113.18123138450625,16,16,104.83781000810653,1
199,95.9229034827915,113.86330159949317,11,16,104.89310254114233,1
200,96.10179716296564,113.92591385081712,13,15,105.01385550689139,1
201,96.38218942614975,113.7112110802545,17,12,105.04670025320212,1
202,96.92371504773739,113.77235983177064,6,14,105.34803743975402,1
203,97.45061607375484,114.04400884628883,9,11,105.74731246002185,0
204,96.7617813897763,114.06843888145168,17,13,105.41511013561399,0
205,96.29286886981873,114.08873472705363,8,9,105.19080179843618,0
206,96.55038650342307,113.73773888315026,19,17,105.14406269328666,0
207,96.80727947887917,113.40628842437478,6,19,105.10678395162697,0
208,97.06480332203219,112.70498578847493,13,14,104.88489455525357,1
209,98.99116906735955,113.5797741600684,13,8,106.28547161371398,0
210,99.27661432270614,112.95784254237276,10,12,106.11722843253945,1
211,99.84439714279644,112.6113899434748,15,13,106.22789354313562,1
212,100.32139802454304,112.2521863106902,10,17,106.28679216761662,1
213,100.64709365019594,112.69964849916242,12,11,106.67337107467918,0
214,100.48945902787577,112.55217366001641,10,18,106.52081634394608,1
215,100.8689436381224,113.17604469635327,5,11,107.02249416723784,0
216,100.48253103085362,112.83929938423134,8,9,106.66091520754247,1
217,100.3641217274836,112.97879646534325,17,8,106.67145909641343,0
218,100.12143995356905,112.56112293871337,11,18,106.34128144614121,1
219,100.16237702326222,113.63369750260006,17,14,106.89803726293114,1
220,101.31970630659897,113.03989829308532,17,5,107.17980229984215,0
221,100.3860737103031,113.19480864819882,6,14,106.79044117925096,1
222,100.72920380549036,113.51169708866487,13,14,107.12045044707762,0
223,99.92284586989553,113.71859663739062,12,11,106.82072125364307,0
224,99.68687993700081,113.62595280795176,12,5,106.65641637247629,1
225,100.2313552354845,113.56104245808505,11,5,106.89619884678478,1
226,100.26349524503223,113.5829481940746,8,9,106.92322171955342,0
227,99.72462285606757,113.50944719326036,6,17,106.61703502466396,1
228,99.36697100143759,113.99138675165781,7,13,106.6791788765477,1
229,99.70676987590493,115.09664825245349,16,10,107.40170906417922,0
230,99.34158656004637,114.81790235994957,10,7,107.07974445999797,0
231,99.44981585483735,114.13300087016003,16,17,106.79140836249869,0
232,99.47260177478925,114.08885984598442,16,7,106.78073081038684,1
233,99.14680160098635,115.37871451481158,9,11,107.26275805789896,1
234,100.21877364564901,114.9768772308267,16,10,107.59782543823786,1
235,100.53573315680802,115.79643563354874,12,13,108.16608439517839,0
236,99.52316186347922,116.63528604058696,10,10,108.07922395203309,0
237,99.61638902086392,116.35849191973296,10,9,107.98744047029844,0
238,99.28549578847974,116.64298345932559,5,14,107.96423962390267,1
239,99.71171245587784,117.45718177088986,8,11,108.58444711338385,0
240,99.3154520866615,117.26761790039612,9,5,108.29153499352881,0
241,99.25808386592804,117.16582772034494,16,16,108.2119557931365,0
242,99.51057750541827,116.87498726337063,15,11,108.19278238439445,0
243,99.94345510250334,116.36760889802419,7,7,108.15553200026376,0
244,99.34330689897544,116.04297012549118,17,18,107.6931385122333,0
245,99.17605628105497,115.43099999211006,13,13,107.30352813658251,0
246,98.9385836254745,115.44804172623967,5,19,107.19331267585707,0
247,98.61191900918763,115.06305511071035,10,10,106.83748705994898,1
248,99.49464612932819,115.17994806660572,10,13,107.33729709796695,0
249,99.69713698480867,114.4020002435039,14,17,107.04956861415629,0
250,99.06669500764114,114.56744035961114,9,19,106.81706768362614,1
251,99.52562598116853,114.9842048404156,16,9,107.25491541079207,1
252,100.58670407967485,113.98733701912987,19,11,107.28702054940236,1
253,101.10293670995041,114.17436530405365,9,17,107.63865100700204,0
254,100.3432517269734,114.7881998002903,14,18,107.56572576363186,0
255,100.10113469054029,114.1833792909447,18,8,107.1422569907425,1
256,100.73459026513359,115.01966548436356,17,19,107.87712787474857,0
257,100.3807555323242,115.22917498904657,9,11,107.80496526068538,0
258,100.60266524639732,114.87666906116738,10,17,107.73966715378235,1
259,100.98998227311199,114.84878452233852,12,5,107.91938339772526,0
260,100.52651703732295,115.12794797859938,6,11,107.82723250796116,1
261,100.49675435929205,115.16595067430558,10,12,107.83135251679882,0
262,98.87612068925752,115.43532867052876,5,9,107.15572467989314,0
263,98.36392686859037,114.97499187398908,8,6,106.66945937128972,0
264,98.23764279289378,115.05967228600713,18,9,106.64865753945045,0
265,97.61375120191136,114.35281503755463,14,10,105.98328311973299,1
266,98.42995685387719,114.29720200688028,7,16,106.36357943037873,0
267,97.71488616489687,113.84524818614788,13,6,105.78006717552238,0
268,97.49486392154837,113.47748321485301,7,18,105.48617356820068,1
269,97.56023421019142,114.09552980245823,19,10,105.82788200632483,1
270,98.28087085472447,114.64118486275535,10,10,106.46102785873991,0
271,97.56293977913475,114.94575392320894,5,5,106.25434685117185,1
272,98.14452165521223,114.39959754087266,16,18,106.27205959804245,0
273,98.14963818572203,114.24139331602525,10,5,106.19551575087364,1
274,97.65888386019806,114.84794216601485,8,18,106.25341301310645,1
275,97.88993559732968,114.9188006228348,12,15,106.40436811008223,1
276,97.98946544511642,116.07846539282565,17,14,107.03396541897104,0
277,97.68935700653702,116.27512431252283,15,7,106.98224065952994,1
278,97.72425804903203,116.37114887076785,13,18,107.04770345989994,0
279,97.53160125060116,116.2165906386666,8,14,106.87409594463388,1
280,97.58835992322678,116.28336109105774,14,14,106.93586050714225,1
281,97.9194252604873,116.20712617286748,16,19,107.0632757166774,1
282,98.71243366855998,116.56118051121176,14,16,107.63680708988588,0
283,98.09352591914656,117.03953166960906,10,7,107.5665287943778,1
284,99.16004260647469,116.64653693935509,5,8,107.90328977291489,0
285,98.18399870671344,115.9809204625762,8,6,107.08245958464482,0
286,98.10810615919564,115.06281777602454,11,13,106.58546196761009,1
287,98.40226476243794,115.31681343948081,16,14,106.85953910095938,0
288,98.54276069630545,114.76513013639388,19,16,106.65394541634967,0
289,98.23141093639515,113.68868483991764,5,15,105.9600478881564,1
290,98.12734981121652,113.88297414218312,12,18,106.00516197669981,1
291,97.88084934388709,115.12947390089951,16,11,106.5051616223933,0
292,97.58616696541499,115.12643844512957,14,11,106.35630270527227,1
293,98.0109680139255,115.54568383235538,16,19,106.77832592314044,1
294,98.18947575690802,115.58659851162916,15,10,106.88803713426859,0
295,97.84302095927771,115.5371536850336,10,19,106.69008732215565,1
296,98.29282089699433,115.99669192652748,9,7,107.14475641176091,1
297,98.44647065743263,115.85155465443316,14,10,107.14901265593289,1
298,98.85290171685212,115.9852508114691,15,19,107.41907626416061,1
299,99.16771613781391,116.14609971456711,19,18,107.65690792619051,0
300,98.75321863235288,115.81205448774558,18,16,107.28263656004924,1
301,98.4731281122544,116.30807566251384,13,12,107.39060188738412,1
302,98.84677491481602,116.22059578416615,6,12,107.5336853494911,0
303,99.15196004753275,115.84272320441973,9,15,107.49734162597625,1
304,99.14150925055068,116.11097812620493,10,17,107.6262436883778,0
305,99.20017294220507,115.6617441353094,11,13,107.43095853875724,1
306,99.83900539009929,115.67583471399396,9,19,107.75742005204663,0
307,99.54321969568137,115.67127521567187,13,5,107.60724745567663,1
308,99.81676838626639,116.21422299858766,5,18,108.01549569242702,1
309,99.71567206004944,116.45157211502763,11,5,108.08362208753854,0
310,99.60683145843583,116.43905863565506,14,7,108.02294504704545,1
311,100.15621988442943,116.8479417852552,11,7,108.50208083484232,1
312,100.56892805892345,117.54304555976387,8,14,109.05598680934366,1
313,100.97568287692377,117.8219507129398,13,12,109.39881679493178,1
314,101.62842228050093,117.82712702286148,18,19,109.7277746516812,0
315,101.63892420131731,117.1712089066864,16,14,109.40506655400185,0
316,101.9799006869648,116.63865207514871,15,5,109.30927638105675,0
317,101.82476730866806,116.48603972297138,9,17,109.15540351581973,0
318,101.98685048491228,116.18128362189174,8,6,109.08406705340201,0
319,101.92177895772845,116.08779797039902,17,6,109.00478846406374,1
320,101.9702769402248,116.11612293284757,11,7,109.04319993653618,1
321,102.26785545294325,116.38096931002593,8,17,109.32441238148459,0
322,101.85874511132653,116.34571992099639,19,10,109.10223251616145,1
323,102.90493874916925,116.5889707429095,7,5,109.74695474603936,0
324,102.4019300584194,116.62120795031456,13,6,109.51156900436698,0
325,101.79483575202553,115.63347466713762,15,17,108.71415520958158,1
326,102.37389118877557,115.16380697022824,12,19,108.7688490795019,1
327,102.76972253575704,115.09176319236744,5,17,108.93074286406224,0
328,103.08178244428312,114.48691582094688,11,5,108.784349132615,1
329,103.39595519891526,114.78688018594498,13,9,109.09141769243013,1
330,103.38983181249179,115.55225560211683,12,17,109.47104370730432,1
331,102.94120462674888,116.16163652796548,12,17,109.55142057735719,0
332,102.97910690584574,116.05491509250038,17,11,109.51701099917307,1
333,102.64052605008969,116.80027816092536,10,12,109.72040210550753,1
334,103.12808591679857,116.87461188952642,15,14,110.0013489031625,0
335,103.05455722604749,116.70606890396739,8,5,109.88031306500744,0
336,102.64180862765124,116.39936757219692,12,11,109.52058809992408,0
337,102.48111570682474,116.24813272895287,7,17,109.3646242178888,1
338,102.68758143396255,116.05404431968225,17,9,109.3708128768224,0
339,102.40571915756057,116.13925243086999,13,14,109.27248579421527,0
340,101.99460895977735,116.21953942139493,17,5,109.10707419058613,1
341,102.1164525655233,116.22106243147164,6,7,109.16875749849747,1
342,102.23893585107767,116.4395315163448,6,11,109.33923368371123,1
343,101.9854642633921,117.03485465373798,16,14,109.51015945856504,1
344,101.74994511058294,117.50963172145865,17,5,109.6297884160208,0
345,101.86597007926176,116.7671827372337,19,11,109.31657640824773,0
346,101.1419279085131,115.49022216978271,16,9,108.3160750391479,0
347,100.43819602132483,115.95738212540235,11,5,108.1977890733636,0
348,100.07897391069861,115.27394277619464,16,5,107.67645834344663,0
349,99.97225033484268,115.1615600752483,14,18,107.56690520504549,0
350,100.12770411764168,114.57650356221862,8,5,107.35210383993015,0
351,100.86538222611645,113.6755133434286,14,15,107.27044778477253,1
352,101.29421203771747,113.94624470753101,12,13,107.62022837262424,1
353,101.21424277273576,114.32582228768233,13,15,107.77003253020905,0
354,101.20473466878441,114.03756708731896,11,17,107.62115087805168,0
355,100.7034699864655,112.74204594124652,9,7,106.72275796385601,0
356,100.69421341846932,112.46892371712028,12,19,106.58156856779479,1
357,100.54988409900925,112.66482571982155,8,17,106.60735490941539,0
358,100.71124337917828,111.92536993543447,6,9,106.31830665730638,0
359,100.29762790740213,112.01704989532406,15,15,106.15733890136309,1
360,100.55730116452271,112.00939497073756,19,14,106.28334806763013,1
361,101.323670621024,112.2990407205381,16,16,106.81135567078104,1
362,101.26929054679557,112.35883090474518,10,13,106.81406072577037,0
363,101.47014640784504,111.8722964343044,13,10,106.67122142107472,1
364,101.8152184037006,112.47058218513665,5,16,107.14290029441862,0
365,101.61460816775768,112.39131739862316,15,13,107.00296278319041,1
366,101.72665440866288,112.37766512886819,14,12,107.05215976876553,0
367,101.73295060905379,111.91103114933159,16,12,106.8219908791927,0
368,101.7817886583282,111.68939002373584,11,5,106.73558934103201,0
369,101.39528376640047,111.24698866672239,14,17,106.32113621656143,0
370,101.40753885352994,111.16051563676068,13,13,106.28402724514531,1
371,101.65653799915266,112.01636987683185,14,10,106.83645393799225,1
372,102.38210980305018,111.33041930536618,13,13,106.85626455420818,0
373,102.86174521609279,110.52363860642781,14,7,106.6926919112603,1
374,103.93833644484857,111.25922377017461,15,16,107.5987801075116,0
375,103.55466266340454,111.15456193159868,17,7,107.3546122975016,1
376,103.99082298176488,110.82002556226871,7,10,107.4054242720168,1
377,104.08249398463406,111.33997790596676,15,13,107.71123594530042,1
378,105.17739545124289,111.03717013609833,17,11,108.1072827936706,1
379,104.77324630856532,111.9501749928718,9,18,108.36171065071855,0
380,104.35338538747493,112.28913792854144,12,17,108.32126165800818,0
381,104.05368906475292,112.04518222446858,12,7,108.04943564461075,1
382,102.99174120259802,113.12383633110133,8,7,108.05778876684968,0
383,102.72886369175764,112.82097886959966,19,6,107.77492128067865,0
384,102.34929736098078,113.19202655560431,19,13,107.77066195829255,1
385,102.42449425421889,113.34167284580757,16,17,107.88308355001323,1
386,102.59537224210747,113.99254349050696,15,19,108.29395786630721,1
387,103.53345766171542,114.77329908887039,15,7,109.1533783752929,1
388,104.00866958080843,114.78930116340327,5,15,109.39898537210584,0
389,103.72021775297723,114.41259222823018,5,9,109.0664049906037,0
390,103.27101041730306,114.64257829969974,19,18,108.9567943585014,0
391,103.51697000305631,114.30372061482367,8,18,108.91034530894,1
392,102.85685339954598,115.31041423858699,10,13,109.08363381906648,1
393,103.77258278247317,115.37868190412836,12,12,109.57563234330075,1
394,104.36230284283381,115.19602112847231,10,6,109.77916198565306,0
395,104.12771501678145,115.28836128140476,16,7,109.70803814909311,0
396,103.27114775223602,114.6147981366399,13,6,108.94297294443797,1
397,103.94808393931872,114.12899111738459,19,12,109.03853752835165,1
398,103.89081401669242,114.72919807135679,19,10,109.3100060440246,1
399,104.50972217267915,114.4007509318711,13,10,109.45523655227512,0
400,103.71250834328197,113.87729544053013,18,16,108.79490189190605,0
401,103.41282083180508,114.14562181679378,6,19,108.77922132429943,1
402,103.41544268166416,114.73847389412526,14,13,109.07695828789471,1
403,103.43893297854653,115.0979505494578,5,12,109.26844176400218,1
404,103.21390024280691,115.59597439236072,6,8,109.40493731758382,0
405,103.52532520898066,115.21757684807598,9,19,109.37145102852833,0
406,102.99151499428937,114.50667151470506,8,16,108.74909325449721,1
407,102.92032525177872,115.25733834068281,8,8,109.08883179623076,0
408,102.98047306763468,115.09599842126174,13,13,109.0382357444482,1
409,103.23769248466405,114.97058191303421,15,5,109.10413719884913,1
410,103.59349992370849,115.63467898395874,12,17,109.61408945383361,0
411,103.03117887778956,115.91279398865908,10,6,109.47198643322432,0
412,102.26412179242175,116.14073787469988,5,6,109.20242983356081,1
413,102.902960203371,117.22323904715041,6,17,110.0630996252607,0
414,103.0691172093608,116.90147993196035,10,17,109.98529857066058,1
415,102.69487394108252,117.36539999600096,15,10,110.03013696854174,1
416,103.47044992884378,117.3939065584495,6,19,110.43217824364663,1
417,103.52828724599021,117.52820269788114,19,8,110.52824497193568,1
418,104.11793583802212,118.2924369110874,17,17,111.20518637455476,1
419,104.15169507872717,118.54635478923221,14,15,111.34902493397969,1
420,105.18206904116818,118.81550282875702,9,14,111.9987859349626,1
421,106.05973946238977,119.35175649741193,18,17,112.70574797990085,0
422,105.93525738815023,119.16928013264048,9,7,112.55226876039535,1
423,106.42104286362742,118.74967529897098,10,7,112.5853590812992,0
424,106.74373083841999,118.22727070196046,10,7,112.48550077019023,0
425,107.42804661718617,117.24409240727246,18,10,112.33606951222932,1
426,106.94558488689611,118.27219597224263,10,18,112.60889042956937,0
427,107.28861061689533,117.72059178938179,18,12,112.50460120313855,1
428,107.81782286032012,117.60996497758889,6,15,112.71389391895451,0
429,106.93845311710857,117.47155832764443,18,11,112.2050057223765,0
430,106.34682386077569,117.62526167654897,14,18,111.98604276866233,0
431,105.32720777189563,118.03313028281863,18,8,111.68016902735712,1
432,105.19250435467335,118.4633670269985,17,15,111.82793569083591,1
433,105.55127548257133,118.17182830771404,19,16,111.86155189514268,1
434,106.30245400861935,118.08826745082082,18,8,112.19536072972008,1
435,106.33950139882923,118.22955742606497,7,15,112.2845294124471,1
436,107.15380917161488,118.1052118629732,18,14,112.62951051729405,1
437,106.46375844250744,118.9088846509832,10,19,112.68632154674532,0
438,105.61206722282985,119.15437212680233,17,15,112.38321967481609,1
439,105.58429337338154,119.52181101982723,12,15,112.55305219660438,1
440,105.7763260978512,119.85325165416094,16,18,112.81478887600608,1
441,105.75997872380415,120.4399885829036,17,15,113.09998365335387,0
442,104.72625767378422,120.53049936225545,15,6,112.62837851801984,0
443,104.68169765402781,119.88208338827754,16,18,112.28189052115268,0
444,104.0294629037754,120.08192736415386,5,5,112.05569513396463,1
445,104.36429917819041,119.75624891725793,5,13,112.06027404772416,0
446,104.54759830123884,119.49194057638306,15,16,112.01976943881095,0
447,104.07765840807517,119.7851225857606,17,19,111.93139049691789,1
448,103.82072494940681,120.40426412147742,6,16,112.11249453544212,0
449,103.29111818846233,120.41489990984545,15,6,111.85300904915388,1
450,103.25977863982575,120.56931641614494,19,17,111.91454752798535,1
451,103.73734980007637,121.42042388846255,16,12,112.57888684426946,0
452,103.2444867769086,121.54080047820685,16,19,112.39264362755773,1
453,103.49651003466752,122.84164203529704,10,13,113.16907603498228,1
454,103.2313812254813,123.12439685811282,13,8,113.17788904179706,0
455,102.83494480935013,122.2440154785349,8,12,112.53948014394251,1
456,102.78142962937285,122.62068628908716,7,13,112.70105795923001,0
457,102.26380846816316,122.81126548152855,16,14,112.53753697484586,1
458,101.98698381548957,123.45614185856994,12,14,112.72156283702975,0
459,101.38804486919514,123.79273253420492,15,9,112.59038870170002,1
460,102.37040743565335,123.72350454221302,14,17,113.04695598893318,0
461,102.38803921163921,123.11135542406834,18,18,112.74969731785377,0
462,102.03817645764292,123.00684379542533,13,11,112.52251012653412,0
463,102.14516641301003,122.58158356832068,16,14,112.36337499066536,0
464,102.08900238816462,122.29132184341832,15,8,112.19016211579147,1
465,101.97851758839799,122.58561104562862,9,5,112.28206431701331,1
466,102.2856009384197,123.42056329780432,13,7,112.85308211811201,1
467,102.66435479344337,123.61789906271582,6,9,113.14112692807959,0
468,102.3991042196381,123.01995753169822,7,7,112.70953087566816,0
469,102.11119509931576,123.2422588658083,11,16,112.67672698256203,1
470,101.97366925073993,123.84057460913112,11,17,112.90712192993553,0
471,100.82270866837214,123.53568315697143,10,15,112.17919591267179,0
472,100.06511313727287,123.46867457363497,10,11,111.76689385545393,1
473,100.74855027099512,123.47601867099957,6,16,112.11228447099734,1
474,101.57103412774578,123.08356951445845,14,13,112.32730182110211,1
475,101.44651610796758,123.40770973138038,10,19,112.42711291967399,1
476,101.73479458949546,123.34723565707648,8,16,112.54101512328597,1
477,101.89041966676723,123.55700187903,16,10,112.72371077289861,1
478,103.42986007099485,123.11325579012895,7,17,113.2715579305619,1
479,103.98964752671215,122.89452663996724,17,14,113.44208708333969,1
480,103.92568873097176,123.25571731888112,15,5,113.59070302492644,0
481,103.44791851067154,123.06930074283525,17,11,113.2586096267534,1
482,102.64469535054276,123.93278266845195,6,19,113.28873900949736,0
483,102.74642716847637,123.73296457564464,5,7,113.23969587206051,0
484,102.36825179583423,123.8453069385206,15,9,113.10677936717741,0
485,101.65712494103538,124.31160235445714,15,14,112.98436364774625,0
486,101.33383849891412,123.60241948799062,9,8,112.46812899345237,0
487,100.79306449710693,122.72201508200024,6,14,111.75753978955359,1
488,101.6366353146432,121.95918692471518,6,9,111.79791111967918,1
489,102.07745519311793,122.59047897642878,11,9,112.33396708477335,0
490,102.07346887245961,122.31454990348256,12,10,112.19400938797108,1
491,102.81344094190463,123.59364954631668,17,18,113.20354524411066,0
492,102.85212509572844,123.31152574698798,14,14,113.08182542135822,0
493,102.42148299506431,123.40380139858651,12,16,112.9126421968254,1
494,103.18304503369914,124.17485637487044,18,14,113.6789507042848,1
495,103.45250005554146,125.17790281895,8,17,114.31520143724573,1
496,102.93387697837824,126.2086546072682,19,17,114.57126579282323,1
497,102.83870763933643,126.81283772256478,18,15,114.8257726809506,1
498,102.40089851264406,127.3248689854705,5,10,114.86288374905729,0
499,101.7094986471619,127.6211324600711,15,12,114.6653155536165,1
500,102.17258742092771,128.0103129981544,11,12,115.09145020954105,1
501,103.12729574116278,127.73472013999015,5,15,115.43100794057646,0
502,102.42801195425321,127.325620698279,15,13,114.8768163262661,1
503,102.7094965725985,127.32393346957352,8,12,115.01671502108601,0
504,102.38417528803758,127.23884115831106,12,17,114.81150822317431,0
505,102.14061259615522,127.01222713364743,6,15,114.57641986490133,1
506,101.8444156340358,127.36042085737579,10,6,114.60241824570579,1
507,101.41242024919589,127.83807346166104,17,18,114.62524685542846,1
508,101.4366810631683,127.88227690480696,10,18,114.65947898398763,1
509,101.02120600496278,128.62104194533458,16,16,114.82112397514868,0
510,101.1564344178527,128.05019738826783,13,14,114.60331590306026,0
511,101.13131536312814,127.95336765862798,9,16,114.54234151087806,0
512,101.01184133969493,127.59495649832658,14,15,114.30339891901076,0
513,100.55805950867413,126.66168818979006,8,19,113.60987384923209,0
514,100.26967384338997,126.6203478468687,9,5,113.44501084512933,1
515,100.64736945630284,126.55947409267706,16,14,113.60342177448996,1
516,100.89782805011502,127.31619896429812,16,6,114.10701350720657,0
517,100.40905042771575,127.63160480657552,14,6,114.02032761714564,0
518,100.45871658043036,127.11951139441092,19,16,113.78911398742065,1
519,100.83441014211627,128.046557677578,15,7,114.44048390984713,0
520,99.99970750155558,128.65707452534068,9,14,114.32839101344813,1
521,100.27138759774554,128.94812337707498,12,11,114.60975548741027,0
522,99.94007571827262,128.83488132765007,14,6,114.38747852296135,0
523,100.2253750525692,128.35516170928832,16,18,114.29026838092877,0
524,99.84374547429795,128.1690583212528,12,5,114.00640189777538,0
525,98.94130442396568,128.7134326311049,6,18,113.82736852753528,1
526,98.12753320502411,129.65572578407222,11,10,113.89162949454817,1
527,98.15157567835479,130.4273475482083,12,13,114.28946161328155,0
528,98.28143692921553,130.18292283731515,15,19,114.23217988326533,0
529,97.82927861666333,129.62311412067066,10,7,113.72619636866699,1
530,98.14857484605201,129.69355724412625,9,10,113.92106604508913,0
531,97.31781481491754,128.80933756134482,15,7,113.06357618813118,1
532,97.28477491559387,128.97092141843723,13,18,113.12784816701554,0
533,96.67926681571265,128.8971201252879,17,17,112.78819347050027,0
534,96.35334876181157,128.66410187435378,7,5,112.50872531808267,0
535,96.37704809746978,127.86675034072037,16,18,112.12189921909507,0
536,95.9468414148278,128.12355039400524,17,17,112.03519590441653,0
537,95.75456364271288,127.85719997417428,17,16,111.80588180844359,0
538,96.2577100473201,127.27224155631913,14,9,111.76497580181962,0
539,95.96926411255853,125.8361104496783,8,14,110.90268728111842,1
540,96.38711016859111,125.82235299715299,13,18,111.10473158287205,1
541,95.8222567412623,126.70847879548785,10,17,111.26536776837507,1
542,96.08715883021993,127.5391084027618,12,15,111.81313361649086,1
543,96.80794314054889,127.31056027446866,11,8,112.05925170750876,0
544,95.57212089048524,127.00945424428777,15,11,111.2907875673865,0
545,95.17367326275,127.24384137232528,6,10,111.20875731753765,0
546,95.46220932634027,126.74464865273113,7,14,111.1034289895357,1
547,95.36068663331878,126.89554460264087,5,11,111.12811561797983,1
548,95.54625957000444,127.27858474183321,13,9,111.41242215591882,1
549,95.24426697664651,127.89205135377537,17,19,111.56815916521094,0
550,95.28756187038297,127.8419743155354,11,19,111.56476809295918,0
551,95.20972325268693,127.7401374404469,5,8,111.47493034656691,1
552,95.79361428351683,127.30114614706862,7,11,111.54738021529272,0
553,95.92082470516745,126.8877059700487,8,11,111.40426533760808,1
554,96.08962603620505,126.77446652409793,8,10,111.4320462801515,0
555,95.88368755314382,126.95814927750602,9,12,111.42091841532492,1
556,95.63988444110757,127.41494159062265,18,8,111.52741301586511,0
557,95.42360534719775,127.01335211528247,7,14,111.21847873124011,1
558,95.6208314183869,127.75969639976223,7,9,111.69026390907456,0
559,95.41033917797677,127.62413459924095,5,8,111.51723688860886,1
560,95.55522660642498,127.61345095206673,11,16,111.58433877924585,1
561,96.5929270057477,127.23984511249282,15,5,111.91638605912026,0
562,97.02848935746354,126.02772498235635,14,16,111.52810716990994,1
563,96.86547759137962,126.46974768053687,18,12,111.66761263595825,1
564,97.4660845524616,126.8381696290831,5,5,112.15212709077235,0
565,97.26204686595082,126.69750585052398,6,9,111.9797763582374,0
566,96.24298459836189,126.73100120913642,17,19,111.48699290374915,0
567,95.73894144290318,126.98897081798847,8,10,111.36395613044583,0
568,94.80354548239026,126.2076978895452,17,10,110.50562168596772,0
569,94.62778874036961,125.94317155087205,8,17,110.28548014562082,1
570,94.63699792996438,126.34030389068297,9,9,110.48865091032368,1
571,95.47521658610202,125.71315917909834,15,7,110.59418788260018,1
572,95.6386802729841,125.85993814518166,6,19,110.74930920908288,0
573,95.52913000857967,125.18164724286996,8,9,110.35538862572481,1
574,95.94383279917142,125.41486223408671,5,16,110.67934751662906,0
575,94.83826514466747,125.39704149293797,6,12,110.11765331880272,0
576,94.95607242372175,124.58947558498522,5,18,109.7727740043535,1
577,95.34150502066524,125.17184526221381,14,6,110.25667514143953,0
578,94.60221189777532,124.80454947381479,14,10,109.70338068579505,1
579,95.17408891937879,124.3994232553076,17,13,109.78675608734319,1
580,95.34333712312599,124.49970785392307,8,12,109.92152248852453,1
581,95.13569316617559,125.07402652863742,8,18,110.1048598474065,0
582,95.45208409922873,124.56611561914822,11,15,110.00909985918847,1
583,96.58743052813094,124.59695554407222,14,12,110.59219303610158,1
584,96.67836365566018,124.8113637942375,15,12,110.74486372494883,1
585,96.80247394881034,125.15791659786908,15,19,110.98019527333972,0
586,96.57279349904023,125.24613737550769,13,17,110.90946543727395,0
587,96.14787131430784,125.06262345596602,13,11,110.60524738513692,1
588,96.56303922257995,124.64882834564166,9,12,110.6059337841108,0
589,96.13499730962552,124.69190028716484,14,17,110.41344879839518,0
590,96.17078042823522,124.15583078117204,5,10,110.16330560470362,0
591,95.93195170485265,122.69515553942475,5,6,109.3135536221387,1
592,96.17144161772585,122.91343544150357,10,6,109.54243852961471,1
593,96.33827267036932,123.36540286204666,6,12,109.85183776620799,0
594,96.85704264249827,122.18393664427575,12,15,109.52048964338701,0
595,96.6020344430709,121.67907129192079,17,5,109.14055286749584,1
596,96.46709697542421,121.98864842242338,13,10,109.22787269892379,1
597,95.97771511753307,123.01739615727924,17,17,109.49755563740615,0
598,95.75556848749501,123.02779301111694,8,10,109.39168074930598,0
599,95.94421873401743,122.66379154050237,9,15,109.3040051372599,1
600,96.32271304234011,122.57234331994995,15,8,109.44752818114503,1
601,95.8616303802513,123.25978152952405,12,16,109.56070595488768,1
602,96.29643334030412,122.93679943996177,7,15,109.61661639013295,1
603,96.9742522697066,122.53720343663664,9,17,109.75572785317162,0
604,97.18096972131845,122.29583167554563,7,19,109.73840069843203,1
605,98.11936762759748,121.81916737141628,16,15,109.96926749950688,0
606,97.7324730280457,121.88050252941368,14,17,109.80648777872969,1
607,97.11014567638999,122.69284175864846,7,14,109.90149371751923,0
608,96.22078555193785,122.85438139520647,7,7,109.53758347357217,1
609,96.96880770768244,122.72820464414332,17,17,109.84850617591289,1
610,97.29599053585947,122.58229900968556,16,15,109.93914477277252,0
611,97.26819820040424,121.80070360533722,11,7,109.53445090287073,1
612,97.40818251356416,122.24225849391081,19,19,109.82522050373748,0
613,96.84543798991497,122.2033398954044,11,19,109.52438894265968,1
614,98.06831397972338,122.11309993860908,11,17,110.09070695916623,1
615,98.132924570711,123.70965372253153,14,17,110.92128914662126,1
616,98.18762196801345,123.85903017671436,12,5,111.0233260723639,0
617,98.55050527996279,123.48313465166677,9,7,111.01681996581479,1
618,98.79100989583114,123.269955853564,9,8,111.03048287469757,1
619,98.9029519079707,123.84417870816237,18,15,111.37356530806653,0
620,98.50771468024806,123.90081391343126,8,15,111.20426429683965,0
621,98.74344885881605,123.18167492427258,11,9,110.96256189154431,1
622,99.68446110705356,123.64128939156018,14,7,111.66287524930686,1
623,100.35717113013105,123.30721734879069,8,10,111.83219423946088,1
624,101.15376444345075,124.24386623689946,19,15,112.69881534017512,1
625,100.89815660523516,124.78389026975678,6,18,112.84102343749598,0
626,100.40335419510588,124.56022932192741,8,19,112.48179175851664,1
627,100.34046073505604,125.20073750279496,17,16,112.7705991189255,1
628,100.36832319120039,125.23466525805867,17,9,112.80149422462952,1
629,100.91541895043586,125.66105209561977,12,7,113.28823552302782,0
630,100.06918663557846,125.90341850426701,13,10,112.98630256992274,1
631,100.83396179530877,125.48024017677157,7,10,113.15710098604018,0
632,100.75495784601927,125.15846526061284,11,19,112.95671155331605,1
633,100.54151731104557,125.67344566940342,18,18,113.1074814902245,0
634,100.03546512341548,125.50605800335015,16,12,112.77076156338282,0
635,99.2080367874826,125.30423377172916,18,6,112.25613527960587,0
636,99.61962207946355,124.82667248205448,13,5,112.22314728075901,1
637,99.65628106305775,125.03847201485121,15,8,112.34737653895448,1
638,99.01130061318723,126.06973447447278,8,11,112.54051754383,0
639,98.36376122715542,125.53596801734565,14,19,111.94986462225054,0
640,98.19586887751035,125.54807774568204,19,15,111.8719733115962,1
641,99.03037964015505,126.25418802338974,7,14,112.6422838317724,0
642,98.90058396447324,126.2143673277669,9,7,112.55747564612007,0
643,98.14901248791419,126.44055322589176,5,7,112.29478285690297,0
644,98.02614095587123,125.90935646181832,7,9,111.96774870884477,1
645,97.88977917099739,126.12351001042214,19,9,112.00664459070975,0
646,96.5413358495266,126.02993787791986,12,17,111.28563686372323,1
647,96.5141884162677,126.5228028757598,15,14,111.51849564601375,1
648,96.39872115116336,127.11649590154218,12,7,111.75760852635277,1
649,96.74682433357006,128.4112777225515,19,13,112.57905102806077,1
650,97.67130238104274,128.70109430915826,17,8,113.18619834510051,1
651,98.23458489581661,128.86399246744935,8,17,113.54928868163299,0
652,98.1001405505392,128.961184618238,6,17,113.53066258438861,0
653,97.54687759616837,128.78460147183267,17,19,113.16573953400052,1
654,98.8335574977933,128.95384339356352,12,7,113.8937004456784,0
655,98.86316671480054,128.806142688494,12,15,113.83465470164727,1
656,98.87013136075701,128.8903731766288,14,6,113.88025226869291,1
657,98.85806881720201,129.54917194443277,8,14,114.2036203808174,0
658,98.95711119758595,129.04590066179296,7,17,114.00150592968944,1
659,98.88493099162397,129.6158399423575,6,15,114.25038546699074,1
660,98.59809998818385,130.27439747602742,13,13,114.43624873210564,0
661,98.32467051756366,130.21536321253188,5,8,114.27001686504778,0
662,98.30829388245566,129.15443576302758,11,7,113.73136482274163,0
663,98.03658149688877,128.85052476948036,9,11,113.44355313318457,1
664,97.68015860555019,129.4990220427609,12,12,113.58959032415555,1
665,97.73337371939614,129.48758801161148,8,15,113.6104808655038,0
666,97.6058851106857,128.98793689546403,11,18,113.29691100307487,1
667,98.35788160497705,128.73554943484993,17,6,113.54671551991349,0
668,97.03239670078055,129.1558594481022,9,11,113.09412807444139,1
669,97.57815012674178,129.4292262322029,19,16,113.50368817947233,1
670,98.2011927229906,129.30976018261805,18,9,113.75547645280432,0
671,97.16449760678653,129.1263479767107,9,19,113.14542279174862,0
672,96.99315380974635,128.93046890218878,18,15,112.96181135596757,0
673,96.80743337674845,128.46926380993952,13,9,112.63834859334398,1
674,96.10367752938954,129.27695165467424,13,7,112.69031459203188,0
675,95.71476918559411,129.11579142006858,17,9,112.41528030283135,1
676,95.15948126286119,129.72437068048134,13,16,112.44192597167127,1
677,96.035616484573,130.48502870644256,16,6,113.26032259550777,1
678,96.50345568114673,130.98418415551654,10,8,113.74381991833164,1
679,97.1392332286438,130.76837399915752,10,10,113.95380361390066,1
680,97.50006926066543,130.9702390443258,9,5,114.23515415249562,0
681,96.93554337505681,130.95814124113036,13,14,113.94684230809358,0
682,96.67328324191692,130.50629031076528,14,8,113.5897867763411,1
683,96.91797052253088,130.6684699516261,12,10,113.79322023707849,0
684,96.30690661808491,130.0789500560462,11,13,113.19292833706555,1
685,96.66340583317111,130.672789750277,11,18,113.66809779172405,0
686,96.54324313409204,130.44048110162777,10,15,113.49186211785991,0
687,96.35583273031723,130.5410609295642,9,15,113.4484468299407,1
688,96.71131271441898,130.68270486533726,17,17,113.69700878987811,1
689,96.93344437016201,130.55325237848524,8,6,113.74334837432363,1
690,96.75296128725246,130.84659927922286,7,15,113.79978028323765,1
691,97.33262618893458,130.60914745091162,7,11,113.9708868199231,0
692,96.79209452513464,131.04479609964022,10,10,113.91844531238743,0
693,97.10006232860677,130.37180625951686,19,6,113.73593429406182,1
694,97.39661295759096,130.43499604929008,8,12,113.91580450344051,1
695,97.24183973793397,131.4044605488192,16,11,114.32315014337658,0
696,97.40490624905503,130.90429488651642,16,15,114.15460056778574,0
697,96.77934946086238,130.56542240125398,10,9,113.67238593105819,1
698,97.24136297046583,130.82237632608346,7,16,114.03186964827464,0
699,97.14891190224434,130.91216721705325,19,9,114.03053955964879,0
700,96.88755039198482,131.08748226669002,8,11,113.98751632933741,1
701,97.41205500490325,131.33207583176386,19,13,114.37206541833356,0
702,97.05988315963188,131.64943656604476,13,15,114.35465986283832,0
703,96.3556525114501,132.20428648702284,9,19,114.27996949923647,0
704,95.57733792468815,132.40919581548712,17,13,113.99326687008764,1
705,95.88034290036096,132.28856698817785,11,13,114.0844549442694,0
706,95.24012822411282,132.62485383877922,14,10,113.93249103144602,1
707,96.117525315105,133.5747948062268,6,14,114.84616006066591,0
708,95.07656061116315,133.50847793303552,18,10,114.29251927209933,1
709,95.92478879530816,133.0212132807002,18,7,114.47300103800418,1
710,96.03029752890947,133.5747536153437,9,5,114.80252557212658,0
711,95.98194097297427,133.5145630333669,13,11,114.74825200317059,0
712,95.7094814295698,132.4282282603599,15,8,114.06885484496485,1
713,95.90904948674584,132.8519390989351,7,5,114.38049429284047,0
714,95.89023213553341,132.58427500595815,18,19,114.23725357074578,1
715,96.44188307654167,132.53900836480605,13,12,114.49044572067386,1
716,96.4989969008727,132.70499853009056,18,16,114.60199771548163,1
717,96.57414778160363,132.8002483699801,15,10,114.68719807579185,1
718,96.39234167549671,133.15497427854962,19,10,114.77365797702316,0
719,96.36386886363617,132.9372310932647,10,6,114.65054997845044,1
720,96.5177697480822,133.19378399235273,8,19,114.85577687021747,0
721,95.66268555175388,133.06401065356079,11,5,114.36334810265734,0
722,94.98859284070103,133.43341589400453,12,17,114.21100436735279,1
723,95.36022488771239,133.74109963601106,10,18,114.55066226186173,0
724,95.44565760677636,133.27338028498875,9,18,114.35951894588256,1
725,95.35366593860002,133.81637134307627,10,6,114.58501864083814,0
726,95.36288290513272,133.54838962051923,9,8,114.45563626282598,1
727,95.53667375781355,133.95241851965983,12,6,114.7445461387367,0
728,95.26679391765887,134.1360621763605,5,5,114.70142804700968,1
729,94.87764155495772,135.05515401475805,15,11,114.96639778485789,0
730,94.97556418250656,134.9434210235721,11,15,114.95949260303934,0
731,94.48637779369903,134.76876262551303,19,15,114.62757020960603,1
732,94.69050417155627,134.75905282256915,14,19,114.72477849706272,0
733,93.83921236943735,134.607462931152,14,16,114.22333765029468,1
734,94.35379018810018,135.00743388212305,15,12,114.68061203511161,0
735,94.5900889293067,134.19927857790475,6,10,114.39468375360573,0
736,94.71810379646364,133.67243736833157,19,8,114.1952705823976,0
737,95.20944928843639,133.13853590754198,18,18,114.17399259798918,1
738,96.04218651066768,133.61368970352876,13,10,114.82793810709822,1
739,96.54937154317675,134.46899638981972,5,7,115.50918396649823,0
740,95.62893442751093,134.416771780551,15,16,115.02285310403096,0
741,94.98914594414308,134.332360918956,14,12,114.66075343154954,0
742,94.67673665529523,134.36738700051257,10,14,114.5220618279039,1
743,94.68978218040066,134.94832615181667,13,18,114.81905416610866,0
744,94.94861169063522,134.48464958472138,5,17,114.71663063767829,0
745,94.58573978405848,134.6038340760888,8,17,114.59478693007364,1
746,94.67912316629702,135.09143289098,8,6,114.88527802863851,0
747,94.30143170012036,135.34197997594993,19,9,114.82170583803514,0
748,93.99567279862438,135.4367707842493,13,5,114.71622179143684,0
749,93.29234225020028,135.93729383053284,15,10,114.61481804036656,0
750,92.83072562714482,134.58567768403324,9,6,113.70820165558902,0
751,92.15488332433665,134.92461534379868,9,8,113.53974933406766,0
752,91.66694669784799,134.59757750223497,10,10,113.13226210004149,0
753,92.1937675961519,133.68226105380674,5,14,112.93801432497932,0
754,91.71906815173594,133.93786235356924,5,15,112.82846525265259,1
755,93.03525918415463,134.6246916261507,19,12,113.82997540515267,1
756,93.28191813459507,134.55596736883686,13,16,113.91894275171597,1
757,93.37433619644251,135.03240464243834,7,12,114.20337041944043,1
758,92.9451573063519,135.83854377143265,8,15,114.39185053889227,1
759,93.2953122460564,136.4960009982247,5,10,114.89565662214055,1
760,93.00749333293751,137.31598326291038,13,8,115.16173829792395,1
761,93.0684982402602,137.68704700844634,19,12,115.37777262435327,1
762,94.3485405093946,137.72476382789714,12,17,116.03665216864587,0
763,94.30051055953227,136.92378092194855,6,12,115.6121457407404,1
764,94.87514722267511,136.80074967788357,12,14,115.83794845027934,0
765,94.52355901011217,136.37912638022547,19,18,115.45134269516882,1
766,94.50606476486368,137.46459773897436,11,5,115.98533125191902,1
767,95.39146508268144,137.37665483275822,15,8,116.38405995771983,0
768,95.07798155378755,137.43825723615043,10,8,116.25811939496899,1
769,95.98420583278602,137.71399992417068,5,11,116.84910287847835,1
770,96.33808180051375,137.7358011473569,19,18,117.03694147393533,1
771,96.05684841256662,138.5833266675723,11,18,117.32008754006947,1
772,96.37305228209438,138.27200198670505,14,15,117.3225271343997,1
773,96.85932950690774,138.36930571432367,11,11,117.6143176106157,0
774,97.17023448801635,137.99807042147467,17,17,117.5841524547455,0
775,96.38512212807112,137.3380591658643,18,15,116.86159064696771,0
776,96.02155354015868,137.03217462041167,13,19,116.52686408028518,0
777,95.89779422238293,137.01365622188746,5,12,116.45572522213519,0
778,95.8605775078329,136.79900510962884,6,15,116.32979130873088,0
779,96.17091355660824,136.4527946196919,15,9,116.31185408815007,0
780,96.25976405707488,135.749635887856,13,11,116.00469997246543,0
781,95.59209187771982,135.70808310154163,17,12,115.65008748963072,0
782,95.7821908032228,134.95572291452615,13,19,115.36895685887447,1
783,96.08748367586472,135.33575089637094,17,13,115.71161728611783,1
784,96.36737889983023,135.3769707728382,10,7,115.87217483633421,0
785,96.90776926260754,134.64819502310573,10,7,115.77798214285664,1
786,97.324730339882,134.4935904845808,8,8,115.9091604122314,0
787,97.55432037949622,134.1175122817855,8,9,115.83591633064086,1
788,97.51923752376689,134.2770995369951,9,14,115.898168530381,0
789,96.6887570570089,134.94732476000667,7,5,115.81804090850778,0
790,96.90356616657519,134.0097385251838,5,19,115.45665234587949,1
791,97.00741001015675,134.0672515647575,19,19,115.53733078745712,1
792,97.14319942875443,133.9871851669742,5,11,115.56519229786431,0
793,96.50482514084428,134.3228552051994,16,13,115.41384017302184,0
794,95.96429687064014,134.42945351931826,19,12,115.1968751949792,1
795,96.49087329730659,134.05346885344886,17,19,115.27217107537773,0
796,96.47109572037827,133.89394188561553,11,19,115.1825188029969,0
797,96.81184606906459,133.49592895721378,5,9,115.15388751313918,1
798,96.82600525712981,134.0339325265131,5,18,115.42996889182146,1
799,96.84088332687769,134.04458835084907,7,18,115.44273583886337,1
800,97.31002522986569,134.99518369372555,14,8,116.15260446179562,0
801,97.052002865757,134.96485328681825,19,16,116.00842807628763,0
802,97.10006325422749,134.61064990336303,8,11,115.85535657879527,0
803,96.86892560987496,133.8537927070566,8,9,115.36135915846579,0
804,96.65167749615881,132.95222286892863,6,11,114.80195018254372,0
805,96.49709143442449,132.1601548974259,5,16,114.3286231659252,1
806,96.60815832024134,132.29371822293163,7,5,114.4509382715865,1
807,96.36878400940961,132.5480807345466,15,5,114.4584323719781,0
808,96.99666207219637,131.75748538353054,8,14,114.37707372786346,1
809,96.54935842108662,132.2050045405686,7,18,114.37718148082762,0
810,96.45592259900593,131.96347401472687,12,17,114.2096983068664,0
811,96.23605706986885,132.03687052071965,18,7,114.13646379529425,1
812,96.95954601204572,132.84298083484737,14,18,114.90126342344655,1
813,97.0578234003015,133.29140049278013,5,15,115.17461194654081,1
814,97.57374567003582,133.1571351688272,18,6,115.36544041943151,0
815,96.83096548351733,132.71153905611956,6,6,114.77125226981845,0
816,96.96449061645197,131.6356313554549,17,11,114.30006098595344,1
817,97.40930601426368,131.2760546958337,11,16,114.34268035504869,0
818,97.45044800890139,131.17048957641987,8,14,114.31046879266063,1
819,97.98318819643407,130.67689981284428,12,6,114.33004400463918,0
820,97.72454397138388,130.61127132929812,15,15,114.167907650341,1
821,98.42921769147668,130.6496972707775,17,8,114.53945748112709,1
822,99.5786667532863,130.53726927987347,7,6,115.05796801657988,0
823,99.39724747306647,130.21226798946174,10,10,114.8047577312641,0
824,99.17449621236608,130.29659532544508,13,12,114.73554576890558,1
825,99.90118845092493,130.5175656502298,5,14,115.20937705057737,1
826,100.69097452379029,129.9723661115084,5,8,115.33167031764934,1
827,100.42954451021366,130.6778323013815,12,19,115.55368840579757,0
828,100.21945110166573,130.62853823523938,7,9,115.42399466845255,0
829,100.07855879723547,130.6379630467118,9,8,115.35826092197364,0
830,99.40633354171834,130.99207025834008,5,7,115.19920190002921,0
831,98.94700756847624,131.10867832397184,9,9,115.02784294622404,0
832,98.4449371851002,131.58524664092846,15,18,115.01509191301433,0
833,98.06103840254814,131.72880872352937,10,13,114.89492356303876,0
834,98.04369595885474,131.42259003620916,12,12,114.73314299753196,1
835,98.16080332512301,131.6033417988122,17,12,114.88207256196762,1
836,98.93605357153005,131.03147869515186,18,12,114.98376613334096,0
837,98.43687655116065,131.08575854804013,7,16,114.76131754960039,1
838,98.92903775039895,131.06914355271792,7,12,114.99909065155843,0
839,98.82204332828618,130.96508512408164,16,11,114.89356422618391,0
840,98.79731147345997,130.90081636836217,15,12,114.84906392091108,0
841,99.13472121954328,129.95989184561336,15,15,114.54730653257832,0
842,98.57336020876213,129.68552939174288,14,18,114.1294448002525,1
843,98.76456508185414,129.73195184231344,13,12,114.24825846208378,1
844,98.84779118596067,129.81188003831213,8,17,114.3298356121364,0
845,99.09401681796476,129.29804246784914,19,18,114.19602964290695,1
846,99.23860113991866,129.9308963882815,8,12,114.58474876410008,1
847,100.4662512098741,129.49780896417425,16,16,114.98203008702419,1
848,100.14738121774845,129.98253756443762,11,14,115.06495939109303,0
849,99.88188274024755,130.19613474537346,6,11,115.0390087428105,0
850,99.57031247703516,129.87302109045157,12,16,114.72166678374336,1
851,99.29257391745503,130.7606765367563,10,5,115.02662522710567,0
852,98.97388035380177,130.16385812087807,7,8,114.56886923733992,1
853,99.56838861935555,130.6234352076831,13,17,115.09591191351932,1
854,100.27864074335048,131.12372636670457,9,17,115.70118355502753,0
855,99.99326759647573,130.78841626216624,12,8,115.39084192932098,1
856,99.57708980992362,131.48464891219842,11,9,115.53086936106102,1
857,99.81279758811682,131.35962565489893,18,14,115.58621162150789,0
858,99.53668606597634,131.50397246953887,12,10,115.5203292677576,1
859,99.8531519748541,131.63413338892448,11,8,115.7436426818893,1
860,99.95461348527975,131.56697901818922,7,19,115.76079625173449,0
861,99.19674142778113,131.9723831547691,6,6,115.58456229127512,1
862,99.97049402844615,132.3691275150452,11,10,116.16981077174567,1
863,100.86843286499392,131.4948615284261,7,19,116.18164719671,1
864,100.56203851975172,132.1470316498652,7,12,116.35453508480846,0
865,100.36818773978374,131.31578565584735,6,19,115.84198669781554,1
866,100.51112043514618,131.83205875801818,8,12,116.17158959658218,1
867,100.6783488301397,132.39541132643197,12,11,116.53688007828583,0
868,101.00762096647611,131.84992811132437,16,10,116.42877453890024,1
869,102.0127232358593,131.64452096734706,5,6,116.82862210160317,0
870,101.92424962211227,131.09166863310412,5,19,116.50795912760819,0
871,101.52510099984303,130.98420811795972,16,11,116.25465455890138,0
872,100.83544138583578,130.83019097586686,18,15,115.83281618085132,1
873,100.46997636586482,131.22002124200154,9,16,115.84499880393318,1
874,100.45341287942792,131.87517561506135,15,18,116.16429424724464,1
875,101.3506918111868,132.57301752045632,9,18,116.96185466582156,0
876,101.09188616166873,132.29193350716716,15,9,116.69190983441794,1
877,101.20378013748818,132.1873225702949,16,10,116.69555135389155,0
878,101.1955686894518,131.34560347418443,5,14,116.27058608181812,1
879,101.78976532617584,130.94266844093633,10,12,116.36621688355609,1
880,103.05323153911266,131.42509425748506,5,18,117.23916289829886,1
881,102.78779715265249,132.2328856692592,9,12,117.51034141095585,0
882,102.54307743139339,131.61571123331922,13,7,117.0793943323563,1
883,103.06515786992792,131.31947910374276,16,16,117.19231848683535,1
884,103.40610361474107,131.3062762252633,18,16,117.35618992000218,1
885,104.3294572776091,131.44635680467312,9,18,117.8879070411411,0
886,104.62142137027207,131.04155504471228,10,11,117.83148820749219,1
887,104.44177532487855,131.25358556694434,12,5,117.84768044591144,1
888,104.7371027402247,131.01666589340888,15,5,117.87688431681678,1
889,105.29145453051615,131.00943975796974,5,11,118.15044714424295,1
890,105.70169562111484,131.2825818819716,18,19,118.49213875154322,1
891,105.95533263666849,131.28579301687705,6,19,118.62056282677277,1
892,106.48866998146306,131.06760007161378,13,14,118.77813502653842,1
893,107.0733177766859,131.01279516965087,7,13,119.04305647316838,1
894,107.76439727220466,130.9686136900482,10,11,119.36650548112642,1
895,108.08875221599948,130.78360817510713,9,14,119.4361801955533,0
896,108.00519317584106,130.65421014377358,15,9,119.32970165980731,1
897,108.07855001905772,131.45353372902593,6,12,119.76604187404183,1
898,108.68180450231189,131.73399345299657,18,6,120.20789897765422,0
899,108.27333666681828,131.58625329398197,19,13,119.92979498040012,1
900,108.45767332125473,131.93473049623734,11,10,120.19620190874603,0
901,108.26100391509104,131.76782075135935,8,17,120.0144123332252,1
902,108.27537632655846,132.35438307015266,5,13,120.31487969835555,1
903,108.9146022578621,132.5392041662517,17,6,120.7269032120569,1
904,109.01015179187206,132.48555309424958,8,7,120.74785244306082,1
905,109.03337006595012,132.70941155715474,10,16,120.87139081155243,0
906,108.35344199546017,131.92397348112047,11,12,120.13870773829032,0
907,108.72656877847378,131.36058974666557,19,5,120.04357926256966,0
908,109.04931086904432,130.76362724346606,11,19,119.90646905625519,1
909,110.13093823069704,130.8350987908479,18,14,120.48301851077247,1
910,109.97704911322054,131.70135629059044,11,19,120.83920270190549,1
911,110.08662427705252,132.81700636368677,7,19,121.45181532036965,1
912,110.21131611890789,133.13603191440714,10,19,121.67367401665751,1
913,111.00004275878963,133.38645415187938,17,11,122.1932484553345,0
914,110.95239499259615,132.485925284803,12,11,121.71916013869958,0
915,111.09190575548132,132.21458838493598,8,17,121.65324707020865,0
916,111.39585401033959,131.82069650898188,17,5,121.60827525966073,0
917,111.48915857191777,131.5102727098563,12,13,121.49971564088705,0
918,111.2659417646425,131.42620080056392,6,12,121.34607128260322,0
919,111.36298676109166,131.19015551171535,19,8,121.2765711364035,0
920,111.89980263602155,130.20050560652746,14,14,121.0501541212745,0
921,111.38654498631603,130.57446073458624,13,15,120.98050286045114,0
922,111.45302982338946,130.03808922171632,13,9,120.7455595225529,0
923,111.10296941591987,130.1577126537719,12,6,120.63034103484588,1
924,111.7004927303823,131.19475398864688,14,17,121.44762335951458,0
925,110.9388992779904,130.73506169285366,18,13,120.83698048542203,0
926,110.6594383543546,129.46991793148052,17,19,120.06467814291756,1
927,110.84804429188688,129.32691582054045,14,16,120.08748005621366,1
928,111.63080630650404,129.87739563803973,5,16,120.75410097227189,1
929,111.59793117596755,130.85656936515005,6,10,121.2272502705588,0
930,111.32033141262094,130.24179456792382,10,7,120.78106299027237,1
931,112.26090994734125,130.49014417954209,14,16,121.37552706344167,0
932,111.53690299713313,130.25748895115206,9,11,120.89719597414259,0
933,110.43750001882309,130.204514774,16,13,120.32100739641155,1
934,110.65750724384975,131.52668644750852,18,7,121.09209684567914,0
935,110.40648013167345,130.77520128331093,13,6,120.59084070749219,0
936,109.89586372310808,130.90207111405823,9,11,120.39896741858315,1
937,110.25004194675776,131.13591769994093,6,11,120.69297982334935,1
938,110.37194230364337,131.67881086241061,14,8,121.025376583027,0
939,110.089902988275,131.72780243914607,8,15,120.90885271371053,0
940,109.44975078893955,131.88182770889813,13,13,120.66578924891884,1
941,109.88597945307963,131.6860034251872,5,18,120.78599143913343,1
942,110.21108004205895,131.82056689580978,15,12,121.01582346893437,0
943,110.16149211016926,131.64897075806107,5,17,120.90523143411517,1
944,111.0848106081931,131.9597567029891,16,17,121.5222836555911,0
945,110.54976822503002,131.77495153496727,11,5,121.16235987999865,0
946,109.78700563956765,131.96350173191837,15,5,120.87525368574302,0
947,109.44105160462703,131.9488703250759,7,9,120.69496096485146,1
948,109.41825859644928,132.51189545046196,14,10,120.96507702345562,1
949,109.53992832111062,132.48619858866772,6,7,121.01306345488916,0
950,109.41931029218246,131.59968235456427,13,17,120.50949632337336,1
951,109.5953379904396,132.23064310492128,7,13,120.91299054768044,0
952,108.96956827834438,131.77777695448998,6,16,120.37367261641718,1
953,109.69145058038102,131.45089378516556,16,14,120.5711721827733,0
954,109.65037499118473,131.1530631381438,12,18,120.40171906466426,1
955,110.20902290697879,131.8402821847292,14,19,121.024652545854,0
956,110.38038558016765,130.77244507773986,10,10,120.57641532895376,1
957,110.60876218974454,132.34131934456985,10,8,121.4750407671572,1
958,110.89364582986065,132.8693477491029,14,16,121.88149678948177,1
959,111.1175001098693,132.98096720616746,15,11,122.04923365801838,1
960,111.43886148980307,132.95352020585932,11,12,122.19619084783119,1
961,112.10343775486929,133.09629724328815,11,13,122.59986749907873,1
962,112.20169833972002,133.3568584574778,15,17,122.77927839859892,1
963,112.55620021851428,133.67946625045286,17,15,123.11783323448357,1
964,112.51133237137066,133.95726848345458,19,10,123.23430042741262,1
965,113.2313909790954,134.0020588240822,10,19,123.61672490158881,0
966,112.89319482806576,133.90338961392854,8,10,123.39829222099715,1
967,113.79366504452118,133.8277529721018,15,12,123.81070900831148,0
968,113.773586069199,133.73029883192544,13,16,123.75194245056221,0
969,113.05819851813997,134.29718388035897,10,9,123.67769119924947,1
970,113.12225072559536,134.5939622414994,8,18,123.85810648354739,0
971,112.78172489685792,133.12376792416728,16,7,122.9527464105126,1
972,113.20204667135229,133.45171831243215,7,16,123.32688249189222,0
973,112.87573468170109,133.54908640979153,8,7,123.21241054574631,0
974,112.6526429650937,133.53973203156858,7,17,123.09618749833115,0
975,111.70787259962094,133.34547280502414,19,10,122.52667270232254,1
976,111.4817194399964,133.90752916501714,6,6,122.69462430250677,0
977,110.26977977668193,134.38129239607858,18,10,122.32553608638025,0
978,109.47782836493906,133.99485356216678,9,17,121.73634096355292,1
979,109.85803569301122,134.19837970572902,6,10,122.02820769937011,0
980,110.25093577233663,133.71255133845838,10,12,121.98174355539751,0
981,110.46366455322911,133.0227422560639,7,11,121.74320340464651,0
982,109.9801764816645,132.70938364376894,10,12,121.34478006271672,1
983,109.95632080359351,133.1405803799603,19,18,121.54845059177691,1
984,109.95451953404823,133.61714290264837,15,13,121.7858312183483,0
985,109.37533718945195,133.87368561269702,14,10,121.62451140107449,1
986,110.12703634033554,134.236233506121,13,18,122.18163492322827,1
987,110.56571748562337,134.49432264967848,5,7,122.53002006765092,0
988,110.45523539870854,134.173581852067,10,14,122.31440862538777,1
989,110.4686783182058,134.38954312440399,13,7,122.4291107213049,1
990,110.57286972217958,134.78974788701782,15,15,122.6813088045987,0
991,109.55200228796744,135.1668935519246,8,16,122.35944791994602,1
992,109.42841359670714,135.76135023766193,15,5,122.59488191718454,1
993,109.08742147270824,136.11550216126244,16,15,122.60146181698533,0
994,108.58661146776078,136.29122626503323,6,19,122.438918866397,1
995,108.4460613213178,136.82630138419145,17,17,122.63618135275462,1
996,109.34490458474257,136.81304075456694,8,19,123.07897266965475,0
997,109.66532601537607,136.37210342895307,5,9,123.01871472216456,0
998,109.37973652048467,136.29056994698118,7,18,122.83515323373292,0
999,109.66602791116274,135.91811862457797,14,8,122.79207326787036,0
